"Run","GT","Sample"
"SRR1663599","1/.:11","ZH26"
"SRR1663603","1/.:6","ZW09"
"SRR1663608","1/.:9","ZW155"
"SRR1696811","1/.:4","KM73"
"SRR1696822","1/.:17","SB31"
"SRR1696824","1/.:27","SB51"
"SRR1696989","1/.:16","SF447"
"SRR1703033","1/.:9","SD98"
"SRR1769729","1/.:74","ZW155"
"SRR189281","1/.:34","SP80-HE"
"SRR189409","1/.:38","ZS37-HE"
"SRR189411","1/.:48","ZS56-HE"
"SRR189420","1/.:9","ZK131"
"SRR189421","1/.:10","ZK186"
"SRR189425","1/.:50","ZI268-HE"
"SRR202074","1/.:35","ZI221-HE"
"SRR202075","1/.:33","ZI207-HE"
"SRR202077","1/.:50","ZI26-HE"
"SRR202078","1/.:39","ZI457-HE"
"SRR202081","1/.:45","ZI267-HE"
"SRR202082","1/.:31","ZI476-HE"
"SRR202084","1/.:29","ZI225-HE"
"SRR202093","1/.:32","ZI231-HE"
"SRR202095","1/.:41","ZI264-HE"
"SRR202100","1/.:50","ZI418N-HE"
"SRR202112","1/.:49","ZI59-HE"
"SRR202124","1/.:36","ZI193-HE"
"SRR202125","1/.:32","ZI296-HE"
"SRR202127","1/.:21","ZI250-HE"
"SRR202128","1/.:57","ZI191-HE"
"SRR203068","1/.:51","ZI184-HE"
"SRR203069","1/.:43","ZI181-HE"
"SRR203226","1/.:43","ZI103-HE"
"SRR203228","1/.:49","ZI386-HE"
"SRR203234","1/.:39","ZI200-HE"
"SRR203237","1/.:47","ZI293-HE"
"SRR203319","1/.:36","ZI194-HE"
"SRR203464","1/.:64","ZI378-HE"
"SRR203465","1/.:47","ZI472-HE"
"SRR203467","1/.:63","ZI196-HE"
"SRR203471","1/.:47","ZI335-HE"
"SRR203500","1/.:45","ZI471-HE"
"SRR203503","1/.:43","ZI219-HE"
"SRR203504","1/.:45","ZI433-HE"
"SRR203508","1/.:54","ZI85-HE"
"SRR204006","1/.:35","ZI329-HE"
"SRR204012","1/.:30","ZI212-HE"
"SRR204013","1/.:49","ZI364-HE"
"SRR204014","1/.:34","ZI324-HE"
"SRR204017","1/.:45","ZI265-HE"
"SRR204019","1/.:50","ZI379-HE"
"SRR210784","1/.:25","ZI255-HE"
"SRR210785","1/.:34","ZI380-HE"
"SRR210786","1/.:35","ZI273N-HE"
"SRR210788","1/.:62","ZI333-HE"
"SRR210789","1/.:55","ZI68-HE"
"SRR210790","1/.:36","ZI448-HE"
"SRR210794","1/.:56","ZI176-HE"
"SRR248108","1/.:59","ZI460-HE"
"SRR248125","1/.:51","ZI279-HE"
"SRR248127","1/.:25","ZI230-HE"
"SRR306623","1/.:43","SP173-HE"
"SRR309274","1/.:24","ZI453-HE"
"SRR309275","1/.:84","ZI344-HE"
"SRR309280","1/.:18","ZI388-HE"
"SRR326791","1/.:31","ZI421-HE"
"SRR326794","1/.:25","ZI303-HE"
"SRR326800","1/.:47","ZI172-HE"
"SRR342393","1/.:37","ZI281-HE"
"SRR342396","1/.:46","ZI523-HE"
"SRR346920","1/.:19","ZI351-HE"
"SRR346921","1/.:35","ZI164-HE"
"SRR346923","1/.:47","ZI443-HE"
"SRR346928","1/.:38","ZI358-HE"
"SRR346930","1/.:32","ZI398-HE"
"SRR353758","1/.:58","ZI517-HE"
"SRR353760","1/.:45","ZI477-HE"
"SRR354001","1/.:43","ZI251N-HE"
"SRR354002","1/.:41","ZI392-HE"
"SRR354004","1/.:32","ZI384-HE"
"SRR371534","1/.:74","ZI447-HE"
"SRR3734191","1/.:5","SD115N"
"SRR3734193","1/.:25","SD117N"
"SRR3734201","1/.:3","SD131N"
"SRR3734209","1/.:11","SD140N"
"SRR3734215","1/.:9","SD151N"
"SRR3734218","1/.:6","SD1N"
"SRR3734221","1/.:8","SD21N"
"SRR3734222","1/.:6","SD23N"
"SRR3734229","1/.:17","SD35N"
"SRR3734231","1/.:8","SD37N"
"SRR3734239","1/.:11","SD48N"
"SRR3734245","1/.:6","SD55N"
"SRR3734247","1/.:6","SD59N"
"SRR3734248","1/.:19","SD5N"
"SRR3734251","1/.:7","SD65N"
"SRR3734254","1/.:6","SD71N"
"SRR3734255","1/.:4","SD72N"
"SRR3734257","1/.:19","SD77N"
"SRR3734258","1/.:6","SD78N"
"SRR3734259","1/.:5","SD79N"
"SRR3734261","1/.:3","SD8N"
"SRR3734271","1/.:9","SP133N"
"SRR3734276","1/.:6","SP175N"
"SRR3734278","1/.:12","SP191N"
"SRR3734279","1/.:6","SP19N"
"SRR3734290","1/.:5","SP315N"
"SRR3734293","1/.:20","SP347N"
"SRR3734296","1/.:20","SP69N"
"SRR3734300","1/.:12","SP83N"
"SRR3734301","1/.:4","SP87N"
"SRR654556","1/.:48","ZI431-HE"
"SRR654678","1/.:45","ZI455N-HE"
"SRR654679","1/.:60","ZI514N-HE"
"SRR654680","1/.:18","ZI225-HE"
"SRR654681","1/.:14","ZI230-HE"
"SRR654683","1/.:23","ZI453-HE"
"SRR654684","1/.:16","ZI351-HE"
