"Variant","Reference_allele_DGRP_Freeze2.0","Alternate_allele_DGRP_Freeze2.0","Allele_DGN"
"p.Arg275Ser","130","0","Reference"
"p.Arg275Ser","0","16","Alternate"
"p.Tyr266His","111","0","Reference"
"p.Tyr266His","0","40","Alternate"
"p.Arg262Gly","133","0","Reference"
"p.Arg262Gly","0","18","Alternate"
"p.Ser244Gly","140","0","Reference"
"p.Ser244Gly","0","12","Alternate"
"p.Cys238Gly","143","0","Reference"
"p.Cys238Gly","0","6","Alternate"
"p.Asp228Glu","144","0","Reference"
"p.Asp228Glu","0","7","Alternate"
"p.Glu208Glu","150","0","Reference"
"p.Glu208Glu","0","0","Alternate"
"p.Tyr140Tyr","14","0","Reference"
"p.Tyr140Tyr","0","136","Alternate"
"p.Asp84Val","151","0","Reference"
"p.Asp84Val","0","0","Alternate"
"p.Leu81*","142","0","Reference"
"p.Leu81*","0","9","Alternate"
"p.Val76Ile","141","0","Reference"
"p.Val76Ile","0","10","Alternate"
"p.Thr67Ala","9","0","Reference"
"p.Thr67Ala","0","143","Alternate"
"p.Ser40Pro","7","0","Reference"
"p.Ser40Pro","0","144","Alternate"
"p.Val6Val","151","0","Reference"
"p.Val6Val","0","1","Alternate"
"c.-4995G>T","148","0","Reference"
"c.-4995G>T","0","3","Alternate"
"c.-153A>C","102","0","Reference"
"c.-153A>C","0","18","Alternate"
"c.-161T>A","124","0","Reference"
"c.-161T>A","0","16","Alternate"
"c.-212A>T","13","0","Reference"
"c.-212A>T","0","132","Alternate"
"c.-215G>A","13","0","Reference"
"c.-215G>A","0","132","Alternate"
"c.-234T>A","102","0","Reference"
"c.-234T>A","0","34","Alternate"
"c.-243A>T","11","0","Reference"
"c.-243A>T","0","133","Alternate"
"c.-323G>T","148","0","Reference"
"c.-323G>T","0","3","Alternate"
"c.-342C>T","121","0","Reference"
"c.-342C>T","0","24","Alternate"
"c.-366T>C","149","0","Reference"
"c.-366T>C","0","3","Alternate"
